,Noise_Type,Kurtosis_Wiener_R,Kurtosis_Wiener_G,Kurtosis_Wiener_B,Kurtosis_Median_R,Kurtosis_Median_G,Kurtosis_Median_B,Skewness_Wiener_R,Skewness_Wiener_G,Skewness_Wiener_B,Skewness_Median_R,Skewness_Median_G,Skewness_Median_B
0,0,116.41756577653504,123.83290806940425,170.37335078278517,-1.0258693865440924,-1.0176127583243313,-1.074525117564,9.159926868298449,9.255392670595278,10.050270419707864,0.986559920046031,0.9907328510859035,0.9615693832491979
1,1,56.80809737607396,72.8220257407809,77.99199707512032,-1.9657730519549295,-1.9701544795292236,-1.956837045103775,4.502954169432686,5.240708987556162,4.256746188312081,0.15222689098902628,0.1372987677336359,0.17832358398125697
2,3,65.04357198810567,565.2595754413347,59.817522284498,-1.962818346754278,-1.9488350558083505,-1.9542615588242869,3.820881758417903,9.94513498189819,2.819017461217839,0.14898194134451312,0.04107059538093434,0.1746259796398472
3,0,104.54283092481246,105.94521384092283,104.60550974233747,-1.1693384773373985,-1.1737818177034316,-1.3194295005729477,8.660537974624276,8.700979005088994,8.606217714884538,0.9107236831409631,0.908291455693879,0.8242339260659624
4,1,57.23781628376863,81.83063724963942,58.95875079913968,-1.9642152331701481,-1.9613031928039952,-1.953277100073468,4.965782895050885,5.92551266154571,5.32709019735126,0.15503958817843186,0.16406074690441982,0.18718712362505993
5,3,25.41745014076098,440.05697988785533,55.01971130448893,-1.9627576487688538,-1.1679544160382676,-1.9530190644671108,2.5909325600575,8.591888354783501,3.890559281708986,0.14609410626994068,-0.891038212318561,0.17734551224982856
6,0,102.25738726674658,99.19659395043051,103.23807363324327,-1.018386526923782,-1.0097927760036571,-1.2035626093337328,8.84780127571367,8.796849883363336,8.770453037708656,0.9904509058704319,0.9947868867694203,0.8920877338294343
7,1,67.33545742288885,53.87775963054527,51.468584198677284,-1.9638032635040457,-1.971623077821655,-1.9711946049997036,5.415427993633792,5.383236480941669,5.082667952508931,0.15861053144067724,0.13177006941659422,0.13280927037719795
8,3,104.67064775020356,66.82303860302909,80.07917270325446,-1.9634086213508788,3.20486970593291,-1.966492336090781,4.384959051027038,3.9295797139564668,4.256045311678479,0.14803212533835472,-2.2388047832861115,0.13531961791899239
9,0,97.44476700531928,97.02954993530268,111.14176268461289,-0.9789684042690521,-1.0117288426466224,-1.150992492748805,8.708065409745036,8.740077931542622,8.597420769493349,1.0101328821447673,0.9937891262197655,0.9210482993851274
10,1,58.86810392006383,53.405316551587084,78.94207050788407,-1.9617409532709358,-1.9637765393896398,-1.974413456775211,5.186985795345676,5.369279671763723,4.2287095951998115,0.16461899916770242,0.15846943264636107,0.11992728366283896
11,3,34.6506387039365,51.38958599263707,71.7731911787196,-1.9557380060859497,18.025605563349245,-1.9691342069751812,3.1269440446628325,3.7589384191550437,3.701990925894935,0.17034189829069962,-1.6293183957903339,0.12510685582631653
12,0,19424.062779754273,174.77182253452366,360.20279386710706,-0.8316095632491458,-0.7666479969376998,-0.8307922241430306,131.22849472116204,9.319454985039602,12.062075183061124,1.0806556757118204,1.1103008982729115,1.0810295335136033
13,1,78395.00001275509,17069.73173909046,59318.14431885758,-1.973099104745732,-1.964869958986712,-1.9707629679150314,-279.99464282867075,64.35352992446934,227.51681567968703,0.12696960301886911,0.156246102016731,0.13508201502919442
14,3,77244.41377766378,56620.45250933124,36657.37884413856,-1.9688166376935925,-1.8456288610637324,-1.9630478882663278,277.0119871222316,-208.72575115561088,122.7522636942792,0.12955992953512566,-0.37093734454158567,0.1492525037601416
15,0,96.00923818992344,93.97417038991823,102.46540493153456,-0.768807165459831,-0.7762395379844764,-0.8613172725113465,8.511983222062067,8.548093444764655,8.657051896856965,1.1092845526051627,1.105935829926303,1.066766545203609
16,1,56.52036294827401,39.266043008069865,36.49930442058758,-1.956300007092322,-1.9591216478377673,-1.9610160910151564,3.52458968603744,3.748480067121795,2.739546031238304,0.18026020622264452,0.17260673618352151,0.1674961803752035
17,3,33.40392973400132,52.50879942394243,2707.4472235218414,-1.951182888538535,-0.4042825316526937,-1.9525028832687317,2.4937968085331854,3.4176216968761803,23.88037540642846,0.1838964241982488,-1.2316559016779356,0.1809468788859682
18,0,110.00209623089303,104.48847419197247,99.28057723565644,-0.5677727178330683,-0.5467875804248239,-0.6778216313159584,9.097482428566327,8.959309896429653,8.848791413868373,1.1963889858692873,1.205131742880655,1.1494757256521573
19,1,75.64485492174713,46.34665896553423,48.78475480788747,-1.949793108330882,-1.9557636539144598,-1.9481435361681498,5.814461696343709,5.071386904709808,5.203795483368399,0.19812600548304468,0.1823855133063155,0.20291471913682366
20,3,84.42003502854969,46.96990524155532,40.084230737132906,-1.950860857548374,-1.6858775929369094,-1.9445480293555877,3.8339245321046778,2.6604117279812853,1.384072148459931,0.18644461084954125,0.5275187996624627,0.20379196875840686
21,0,112.563751717945,106.88893551141764,110.48002060946628,-1.1858032176245223,-1.1761732688538589,-1.3514137246588667,8.781069326019695,8.732178974647802,8.512403359964667,0.9016698852861705,0.9069955801089573,0.8046356227544631
22,1,48.562782205679405,59.338385801563064,54.1736148133957,-1.9701638695679788,-1.9630303061756138,-1.9731087465476422,4.941074828727301,5.468201520968192,4.825599198408703,0.13493582803291224,0.15897311199632436,0.12319556426954183
23,3,42.41902755155238,138.38518490825896,60.00735496156271,-1.9674924286676532,18.60100229935128,-1.9663083884986012,3.467147494924347,5.105561619588111,3.811828221715471,0.12989792136348582,-4.254712048206258,0.13322382267045005
24,0,101.87009245818987,105.31923971744195,101.69974164706281,-1.0196030339064268,-1.0145485668935512,-1.0668080184326776,8.708698287465781,8.790972190736616,8.677247465242523,0.9899232753267954,0.9924740328447181,0.9657818593830658
25,1,60.46951880775633,39.4631572390028,42.82009072377231,-1.9665626105735785,-1.9694264662239713,-1.957536344870291,4.711694740994254,4.1115189441526825,4.041888661360356,0.14991259614905403,0.138667516501259,0.1769117531526039
26,3,34.46219948782026,24.245049901103723,22.3529985881709,-1.9595893883360809,-1.8710858543300246,-1.953385398070732,2.9065616365047156,2.499695398717313,2.3287284508102437,0.15955222344378214,-0.33494223277893137,0.17729778455193027
27,0,167.30136460682354,128.25908255089882,60359.72512079262,-1.1694912817015513,-1.1584671605093282,-1.241975338086154,9.803011738410559,8.879792420568133,-221.52757996973116,0.9109833723335176,0.9170190452428602,0.8702905440618881
28,1,126.41821580051891,53.106008465835856,61061.23390542326,-1.9730262510410927,-1.9643071266611376,-1.9675071808725337,6.360133094909736,3.787610391475147,-233.91116540612217,0.1266601701015479,0.15708040922091485,0.14606872951240482
29,3,55.212661690331984,39.757931245516076,28393.201768272982,-1.9705010341964917,27.923728034527965,-1.9688396517134001,3.3649072224233194,2.474032055748328,-137.49456926986028,0.12116224334264046,-1.998527546670386,0.12990797693774345
30,0,143.37467112161238,113.89795234250707,796.16105502583,-0.7881924883099223,-0.7834534759309459,-0.9558712069957926,9.30908718664805,9.010133916299647,-5.935943472291981,1.1001679516245533,1.1022843681280994,1.0210943582239014
31,1,229.8390189840523,55.26108292895297,460.02315570134243,-1.9306463481371496,-1.9582421652930275,-1.9679190960501804,4.205426003862525,2.3510463108392137,7.1376468766030445,0.238917219638635,0.1726720918997167,0.14237799219253905
32,3,64.53011336372548,37.23498772996564,215.31842548002797,-1.9308472808656953,-1.7053661007086318,-1.9664872930886723,2.3660437018485236,1.6955626742618617,4.926755676008425,0.229887398649578,-0.389516306661533,0.13403337947459515
33,0,160.27226505642426,192.83263158716264,251.1528742585383,2.7533257520513423,3.0012753226669773,3.233235193393975,10.736006891100088,11.728685826707656,13.515920705930695,2.179951201340926,2.2360879314383286,2.2873512136102083
34,1,174.73389726041233,74.38770752720258,202.47011448072533,0.26569262535888205,0.042508455395955824,-0.21204561341393147,7.166222310358433,3.903004200218484,5.205960068922486,1.496398490192988,1.420311004011161,1.328457613676774
35,3,68.3389226812501,72.86361620801287,113.08886986069366,0.2631536757901327,-1.665271006335331,-0.1534979790918296,2.1343977081512002,2.5634990366775745,4.0079697324816035,1.492808598506518,0.5319901533223558,1.3471936358550074
36,0,318.0123768873507,355.6835089341581,341.485851146136,-0.8924693598222309,-0.8687135557959555,-1.0380260401222412,12.737766220349672,13.35017353765898,13.882740481221761,1.0519629653816838,1.0631951613087032,0.9803219118916273
37,1,4300.1475831466905,131.5118580717297,89.15044114668474,-1.9549535505715623,-1.9581503498870743,-1.9679248728533703,32.77895538472025,4.339878745206541,2.9128300765246276,0.18293154280748217,0.1745568934654827,0.14311443968497287
38,3,2768.9772492036764,62.92117898500361,58.58290619204973,-1.9523715877934615,-1.9413011818415136,-1.962563812027432,24.459953626168197,3.161192493846987,2.9281945002342944,0.17937128742102987,-0.1788914450064061,0.14738976701623252
39,0,106.73096608952218,101.6536303498656,102.4988006744317,-0.4455094081309272,-0.4110264998956219,-0.5070188588473608,8.990682916354801,8.898527878716772,8.88756414676047,1.2466286849642154,1.260383831033393,1.2217083586528061
40,1,73.80101984845405,45.88469862857878,57.16041556772662,-1.965584983599493,-1.9535560910651009,-1.9689129981247253,4.733708264794762,4.726285957781152,5.161878368257359,0.1537985977327544,0.1884855009313569,0.14269581579842616
41,3,55.86061016675331,53.67337402310902,33.75844529435454,-1.9596428728889639,-0.7068856830376591,-1.9626461052549167,3.7999851199942816,3.3380097650108733,3.185958866872023,0.16121150112224733,-1.122684725118714,0.15168257324189688
42,0,125.81139604512279,122.58620133708813,238.95230357882747,-1.0227498799669703,-1.0086753455067545,-1.0703708908628962,9.620830323224899,9.414931595710426,12.813308941072876,0.9882838991176537,0.9953827551605996,0.9638876607628879
43,1,79.72731779667107,42.68127739228518,72988.3505414564,-1.9666330639918628,-1.9639326094915261,-1.9693523573447433,3.8995110388522454,2.8961081285670964,-265.316044905925,0.1495711233436979,0.15839864533243336,0.1397568022061765
44,3,52.62178710624384,49.74802553748031,71437.94052161153,-1.9634253791423653,-1.9460211375257706,-1.9643239746490182,3.3678447111123235,2.8391891936214675,-261.1156884106525,0.1473091502845681,-0.1736252878052241,0.14457679450096134
45,0,111.94101568789412,104.82860317009148,103.48937531329075,-0.8724121404110639,-0.8375267145269638,-0.9609903983672492,9.184086918469072,8.842934051815291,8.93616696581883,1.061412831802979,1.07771996086718,1.0188213207042627
46,1,58.13910789149401,97.90529698446879,58.188118344249496,-1.949725075518062,-1.9697518708420612,-1.956590817190013,4.487294554728436,3.9499328141906616,4.802629754519995,0.19635521601148517,0.13582411319666093,0.17802362407101402
47,3,47.076609827319345,45.180582595832455,39.81647453395796,-1.9458401232530522,-1.6118828185592793,-1.9592452092401182,2.679889364920915,2.4608293270309534,2.6839598977963393,0.1961636641155778,-0.598412989012853,0.15780110537324893
48,0,107.04219017295104,103.960976315094,104.71669833376396,-1.078784922844138,-1.0974622791053998,-1.258688763731134,8.927424443513102,8.859395896685612,8.837547205946994,0.9593541639928214,0.9495748963275681,0.8605060179553128
49,1,81.2829795841085,112.40236471957768,87.01543884723944,-1.9668255119250801,-1.96268957836372,-1.956734298965598,6.367450828636118,6.875256323782605,6.524015006535944,0.14724884109140174,0.16152092881271918,0.1787434749818687
50,3,48.57185780671506,121.89787592981854,71.26748050422826,-1.9640363109183339,-1.4227952331367038,-1.9559726941596254,3.8800318150978357,5.7664343573415024,4.624570520490666,0.14293276705545993,-0.7401214006595612,0.1695911394733094
51,0,112.32553529408464,111.69480338418778,111.63514910456895,-0.24431294997532715,-0.17125149726243682,-0.33266515803677565,9.217452799961508,9.222597267765833,9.229004229148877,1.3249064695132404,1.3521983348292346,1.2911323361550602
52,1,68.44999222760217,135.56397878538104,66.01047850144244,-1.961130868582363,-1.9659771389593772,-1.9626028784715213,6.232510783847193,7.325963518033561,6.417637663902012,0.16729549033157592,0.15236972947568164,0.1631994737084312
53,3,103.43620991703482,289.4768015833769,46.15531768556744,-1.9604741019507472,21.164603622660145,-1.9666338331278252,5.122651171442588,7.448251020800841,4.138187897932103,0.15702104093260635,4.626594317839818,0.137835581956091
54,0,112.64113115313124,113.11603209605022,120.39610032464508,-1.1986933564116171,-1.2015817127888697,-1.358746894165189,8.757480464020965,8.80385267761812,8.601495687999892,0.8945154724515977,0.8929056455901764,0.8000580192204477
55,1,55.217886928434574,53.40736608463259,66.48577896685532,-1.9674121526546016,-1.9662629825417248,-1.9701114039836103,4.848555306873206,4.982336918635826,5.004096734024435,0.14433241139119024,0.14840479634999573,0.13528501302587434
56,3,48.46797722543399,33.46483001985407,30.248668772799398,-1.964113632373433,7.673362883642591,-1.9638243054477422,3.4076396492720495,2.957447387688702,2.6601510943192292,0.14180651815203407,-3.004304452126479,0.14359703376896618
57,0,131.4973410742396,141.91256943186386,125.40570963091753,-0.7039019340740928,-0.6861063483118612,-0.8583106706071773,9.48172062846995,9.65624192773016,9.286093994112665,1.138244980334886,1.1460392326048454,1.0682556898612616
58,1,227.03348981264793,240.91269881822728,65.12885938476356,-1.9719412152804208,-1.9648729802843792,-1.9674639779084904,8.478432463093714,8.567452838125217,5.706502895519282,0.13053451510684116,0.15565374255812892,0.14674508362385963
59,3,78.24540801809344,240.54194420875362,280.06028600914914,-1.9676004479776465,0.5362348070862999,-1.963764819361543,4.241351737704213,6.934273133916619,7.099617821425075,0.1326744002870599,-1.5520111102512817,0.14551987935105118
60,0,135.91960803032012,129.12282497028414,124.74651760835093,-0.8458357786149282,-0.8243400370774263,-0.8710687231605854,10.105106443626163,9.962621921443771,9.806201921245417,1.0741236868273025,1.0840835676598437,1.062301193917075
61,1,28.52962028896045,21.487205109329327,20.660783517416526,-1.9696448579134214,-1.9689405921397454,-1.9672207909121515,2.3616861778382807,2.0929359457099297,2.0608354477200517,0.1388199936538634,0.14200099098644073,0.14707596633803935
62,3,19.224213757261957,22.969783445079855,21.65384522321895,-1.967396364916923,-1.9655572812142084,-1.9666107870172236,1.2944659834155894,1.6339971854239885,1.559714337792037,0.13259320326023674,0.1290311781292249,0.1369734464897166
63,0,101.29920613888876,111.46461578205411,20761.11887460528,-0.9672373993987318,-0.9749724301386928,-1.1107055474118221,8.752266019985523,8.968755887586127,30.34429059379755,1.0159228596532142,1.0121086879171943,0.9426669464489257
64,1,46.08068016479692,47.585367134513454,12701.252476261738,-1.9646418574395297,-1.957244884157027,-1.9551318784178489,4.200055906023641,4.394788479563991,71.48387830160186,0.15542232072863796,0.1775496301038096,0.18343208200599034
65,3,32.88982724815084,91.34837192238355,24548.623642244947,-1.9667547073551195,17.084173354391407,-1.9533431580693468,2.870909436324622,3.999642831007317,102.34785930190253,0.13498230067488265,-3.346530910454239,0.17935250767112973
66,0,104.71147605397522,105.32083767413697,106.03899518922533,-0.6429326414703129,-0.6193542028732022,-0.7125925476307322,9.057122041970407,9.07096469237662,9.08080167658362,1.164762972229486,1.1748421741925124,1.1344627626135304
67,1,71.5881906285689,80.2188564905277,82.89377086873974,-1.964448963606464,-1.9597664405633544,-1.969520793683548,6.827792216646129,7.0410147923985065,7.037310716876012,0.1578765432762449,0.1712876681343163,0.13958561770435324
68,3,75.04772555410807,188.2887277255315,82.21984665969602,-1.9607228804586052,-1.984605979029608,-1.9702814214587567,4.75151809237027,7.233806028041202,5.02762951200796,0.15747129731649087,0.021829417825710948,0.12300956737494073
69,0,97.09911551744102,97.88677575620036,89.23745784510135,-1.1615585959696226,-1.1481915315375184,-1.2503241770198454,8.638049848641762,8.608179915740417,7.669249872628696,0.9152387312298282,0.9225165135971306,0.8653764021920085
70,1,53.29569905182604,56.3847349015279,111.62108349196743,-1.9580566053585067,-1.9719747666779264,-1.965674368878439,4.370715902455102,4.860103536841591,4.870575524628099,0.17576466383787692,0.1299187381282989,0.15103679050749372
71,3,37.33166785996808,83.41654147257148,82.47223338162492,-1.9568456497884934,42.781455589094044,-1.9580193301598288,2.909754320528789,4.1660852382779545,3.970683130840836,0.16807112400850124,-3.8581078453986,0.16256369076067465
72,0,113.61948899000339,97.68519646015781,109.71258447679276,-1.1975000610512014,-1.1768781350971838,-1.3612338723984565,8.940959708245993,8.686114974193579,8.546314718829029,0.8953276186905006,0.9067704320872831,0.7986679105461802
73,1,46.94502963292978,46.022185365871195,50.85387613668689,-1.9649184561288509,-1.9671745308850948,-1.9743625176520712,4.685568271278915,5.0720848610651466,4.44093318809069,0.1542290120497612,0.14706420135984347,0.11996080747392152
74,3,59.69547557269359,36.80067727114501,732.4177227803788,-1.9610295091331045,38.65083628903181,-1.9639838185146594,3.478582171410234,3.1327799350234087,10.686331856259727,0.15389906284391028,-4.950093744988485,0.14391774596006565
75,0,111.94834466723003,112.43489058625737,107.14138124311701,-1.0330256683422794,-1.0280402670972393,-1.1189616304474008,8.811654477998701,8.756951915117895,8.025598729850598,0.9830355357949973,0.9855740414958004,0.9383101763562584
76,1,47.161407549118834,55.09244721405831,92.97333207325953,-1.9581931240949215,-1.9602266758894988,-1.966860053914159,4.351291792347614,4.552947594227091,5.1486532712264115,0.17440160381288375,0.16930683709698655,0.14882210822474196
77,3,27.67747011398464,30.374809049977365,32.448012667410964,-1.9505435849273483,7.131574261639745,-1.959071536506028,2.6438135538150265,2.6717735817454535,2.899645161875733,0.18462868515976977,-2.923897674663054,0.16179018387881708
78,0,95.56454005659235,98.63201215582717,100.2762348425189,-0.9661981093101084,-0.9778496612938565,-1.1353643494184418,8.727613203391954,8.802534617449737,8.763424358105826,1.0163815284911468,1.0106322328366133,0.929438776858298
79,1,61.80210950739756,66.17839419494084,39.76244192686296,-1.9699444992929127,-1.9682474232589733,-1.9641924706191807,5.667745553976805,5.93536756896768,3.571012131203869,0.13783607418268318,0.14322933852335065,0.15694347156622684
80,3,74.82780668235671,45.17084340514165,37.92943387596896,-1.9685136675343786,-0.964062138182141,-1.9603479565470767,4.150758813502439,3.247504398415822,2.521779681944061,0.12912421543170402,-0.9358063582778356,0.15681258531876816
81,0,120.6667156492564,122.97205708264345,113.24110733942514,-0.15799146798819708,-0.24513547382209433,-0.5944418422076159,9.47652487289689,9.473467819057433,9.244254196828168,1.3570485973922453,1.3245609300454966,1.1853803464649002
82,1,96.90084412563829,96.04840039216494,73.32578915240293,-1.954850668540864,-1.951907753242612,-1.9440169264988698,7.234659865740109,7.5089816256324236,7.18732976126901,0.184565174385797,0.19251073163295973,0.21164871720002176
83,3,76.65642618267265,115.41660355314691,37.60651165827994,-1.9542357198382039,2.560341008403938,-1.9435289812640988,4.251341122967347,5.271839886671764,3.776342620120994,0.17571626990758077,2.0763285189159335,0.20398057746553352
84,0,112.09023336420951,112.09685201840304,109.08879517120876,-0.9102388668861248,-0.8654787899220371,-0.9711595100914163,9.15605510433901,9.15584051313487,9.074053301312539,1.0436763155949085,1.0649019716211188,1.0140672937295143
85,1,72.6211912670283,87.20717595920834,85.97650248549753,-1.9612348853407449,-1.9710406830739267,-1.9761794324279145,6.5396630781558445,6.688458023447907,6.597284002457074,0.1665787198713939,0.13474753287617325,0.11358741161541493
86,3,139.75646194029767,133.3678172381228,68.39727051090007,-1.9621594876646673,-0.8242544880492875,-1.9737737205429453,2.8338205161892134,5.703790921393019,4.349124478506841,0.1511226287909702,-1.0699074190805318,0.10736258962956621
87,0,232.2398764163594,143.9091594989066,98.38075846060718,-0.8560434460648247,-0.8364856639182365,-0.9983582901422112,10.934608681183692,9.519057763726801,8.460841574205057,1.0692519547238475,1.0783586177524396,1.0004893663588947
88,1,58.15411634281131,344.7099911942225,52.43290787304538,-1.9660996728283842,-1.9583838494959196,-1.9751619589108267,2.7804837911874767,7.849960283093713,3.989966950437746,0.15148599731581505,0.17490668291387818,0.11734657271856536
89,3,355.4695913945543,459.955848159481,54.64989480257665,-1.9652089871472966,1.5826873744330525,-1.9694811905206537,7.264399635674357,8.766857532816946,3.5040620332460772,0.14161391492372127,-1.8487849946370734,0.12432569309917194
90,0,102.91482120382311,103.30632706164269,101.29524954101645,-1.0860306931113335,-1.0681074713080405,-1.1445326171113044,8.820139551604418,8.813308157100625,8.597473038607234,0.9557134124169262,0.9650504173754147,0.9246029049287936
91,1,44.076118476271425,55.94354384623477,45.53770818259527,-1.9613252904503966,-1.9670160212320222,-1.9612127166556215,4.774222918678285,5.183085911569948,4.275458326562077,0.16620581424935477,0.14771235638389782,0.16639002007985776
92,3,53.07116224655491,42.22323709944591,28.760605789522998,-1.9556504259144667,19.78692088917383,-1.9560495361090178,3.577608834273997,3.5048621606468973,2.5769354505342874,0.17126301054127607,-4.477132511597766,0.16972295172775972
93,0,152.2950284315037,138.78780402571334,175.49063273271142,-1.1545291682651422,-1.1581583443352224,-1.333763929700556,9.239980382659295,9.12957717356148,9.136870145627974,0.9187921679993044,0.916826567714054,0.8154852191725254
94,1,87.91766153633823,71.19111781193484,51.07799842301537,-1.9652713227712555,-1.9656506222625598,-1.9653375776311468,5.142022582514192,5.241991491203743,4.086662969389807,0.15243882724747584,0.150752732271522,0.15201950113431434
95,3,48.01728612657731,742.4232996924457,43.80518985201432,-1.958642054595701,25.57016833300203,-1.9607520347654366,3.1079436257552198,10.978837420568794,3.071577966088042,0.1607954551555502,-4.826058486781359,0.1544728688908708
96,0,100.56735255333439,98.0522421456691,92.43064370435079,-1.0380215719827945,-0.9891053545292072,-1.1365094417678587,8.926857240582367,8.848197891021675,8.58764417645552,0.9804962507805471,1.005130104329536,0.9289097206527969
97,1,89.12317749714808,74.1545580716322,55.41908768288064,-1.9706191500307515,-1.9562941330721737,-1.969831334361705,6.658339084853429,6.375307849278989,5.085595550350872,0.13550693513964893,0.18029668000136342,0.13759307276841198
98,3,57.09384851551711,53.754035485920674,130.45896154792976,-1.9691241329209626,61.436153057585145,-1.9603720729807579,4.187937587821017,4.152069010000805,4.760381113742006,0.1263838235473101,-5.760682872090203,0.15693237563522017
99,0,98.1406009613644,86.01542982037803,88.55903396520034,-0.9106800262071584,-0.9452204327872695,-1.1027134361051765,8.775351581513775,8.367864446107568,7.14652670058763,1.0433770372348163,1.0266977433631304,0.9468911245155012
100,1,54.15997946183995,38.63770024735987,301.3807382844428,-1.9578828083084352,-1.9718071601685807,-1.9767551546400517,2.7186740314315694,2.889982741506596,1.549970620132905,0.1763771677032926,0.131531055122952,0.11048127727346764
101,3,84.1033635595282,33.7503576093545,333.0073575602172,-1.9511481472024177,2.6966031775245742,-1.9663981764765224,3.5231430651064253,2.4548561665279593,4.20336265385629,0.18434626750028912,-1.9615399125213397,0.13785253890014842
102,0,94.74827951835556,94.83120415594587,91.09931566987673,-1.203256788014694,-1.1958286044702022,-1.3186483648658627,8.765665325694243,8.696026698096409,8.457737819318321,0.8920533698966782,0.8962129812701041,0.8248525349442033
103,1,61.77706841962734,71.52050273991692,51.58531732975997,-1.9595327464504877,-1.962120432654493,-1.972469839096056,6.264551887382042,6.133788785253051,5.205845616994095,0.1696708904520577,0.1626320868319324,0.1268496228654931
104,3,41.833516101111925,49.65771182694614,56.74098988664915,-1.959781170678576,20.422819900051405,-1.9681572983092752,3.6538880858495792,3.793997324284632,4.033583912758597,0.15679699292586755,-4.477326295607766,0.12830429396384505
105,0,124.5904952626166,124.42788327231418,121.52937117250862,-0.712341964621543,-0.6841229605178878,-0.8072001812671794,9.384584621042665,9.352228489926661,9.30998337302546,1.134499576984782,1.14687386612353,1.0918904772238636
106,1,80.8057066958713,59.47170619487944,60.94863303842687,-1.9715330657306849,-1.9553352358899967,-1.9640866709050986,5.865324209268196,4.7309566686224045,4.896979234345642,0.132083746337622,0.18352494094406163,0.157833994111779
107,3,65.29979755022012,56.18225470467368,54.87118309480409,-1.9630094373102556,-1.701070348193681,-1.960661912612768,3.8714523607786253,3.4422152562889177,2.341088335290564,0.1484557205248423,0.5267431643111689,0.15625922865374584
108,0,105.52357680030347,104.0570073537631,103.56783001375797,-0.10579602933662713,-0.1133110184506303,-0.29984072105689963,9.087306317305517,9.057001195821528,9.05490552690228,1.3761811356531755,1.3734476828650002,1.3037596343582116
109,1,79.91479461854485,169.63097180234928,74.6363635427136,-1.9642705003906349,-1.9748559381079744,-1.9613554886808577,6.896305490441441,8.325472829947747,7.212590738022725,0.15752691553607662,0.12016909312345306,0.16669336657122644
110,3,143.19255376123502,61.981070970412205,64.03122562009322,-1.9609547369240674,29.772603463962653,-1.9623065301133773,5.868160937971857,3.6147688147006845,4.8422617673182895,0.15609835907719502,5.190803407893485,0.15214101209198586
111,0,127.6561187903259,127.91498418258732,122.63039846751688,-0.9101214281281234,-0.8577763687337194,-0.9893107218626369,9.455932193515494,9.441890318998361,9.26681856588148,1.0436632499029939,1.0684488126579221,1.0050021213273899
112,1,56.694045949697596,55.96710427368433,40.363335459520385,-1.9713228512641363,-1.9609968045914536,-1.964942045580648,5.875713685887104,5.55166716202366,4.120507204175142,0.13236547323523193,0.16754459743121053,0.1542796157817768
113,3,66.47779311614701,70.50235444355755,141.54290727173233,-1.9653143753834954,53.1783978689064,-1.961189640276218,3.634852478359583,3.7891381076705732,4.81668606213919,0.14082359747484746,-6.458524325007364,0.15391434694629802
114,0,102.12217844375016,99.90412778594037,88.97712227505168,-1.1493286250066626,-1.163811466377777,-1.1729372598284042,8.821807574640241,8.770137658011054,8.008580499235011,0.9220050541627892,0.9141233625018277,0.9091056137125652
115,1,51.414784635403805,65.81679317217724,60.57096712087945,-1.963703990781898,-1.973080043872344,-1.9582103851566592,4.875169447888824,5.681452161404306,4.18181785631226,0.15797618205621208,0.12684269077374685,0.17563684994532003
116,3,65.38494816641695,66.80052682637188,33.88093589415106,-1.9591693794512943,61.90512454461613,-1.949767782847412,4.081689681981803,4.052744299778706,2.7228458957448805,0.16046465944324514,-6.308544070975701,0.18779848278458816
117,0,98.80627844980096,97.07492294499806,66.23925799788543,-1.281133137929637,-1.2753629764736654,-1.3177525459978694,8.613047007136107,8.545931062854978,6.167678192896265,0.8473618252984697,0.8507673086611464,0.8254584955625414
118,1,50.811048585621954,55.22550871504304,357.0223296365329,-1.9610614779817677,-1.9684663302632177,-1.9601881340394767,4.68845887443417,5.048143918158803,8.632322919446223,0.16662210802517938,0.14226289800274702,0.16862108384759897
119,3,38.12015340119629,46.50191567565639,28329.856635026124,-1.95962262657557,13.294545501288464,-1.9514614894764,3.11540508275567,3.4112352969986866,-129.1730249574513,0.15928442933785458,-0.934340264673849,0.1832210565351409
120,0,100.49093028603937,104.37698765804542,109.60689365287834,-1.0819632752077142,-1.0676222216185154,-1.2189029339653539,8.52308815215396,8.702371717338409,8.901334640698751,0.9574716206072241,0.9649389359910026,0.883075492352581
121,1,57.95829958621459,50.63366175644242,42.507537974278755,-1.9596003631188808,-1.968794434502415,-1.9696953929256784,2.8445397292788708,2.8628635672136364,3.387760760626734,0.16938727387272823,0.14002318637412473,0.13645458237087554
122,3,57.13386975656156,42.450690394711316,32.16172937484104,-1.9579457254884451,-1.8812986760652735,-1.9629566627083583,2.41866451125868,2.2811903092818637,2.025306150115333,0.16237880015453354,-0.30410512929851535,0.1459288583351602
123,0,120.84525143837153,115.1479643896179,1151.9363511482802,-0.5723450188271006,-0.5699935680387287,-0.6683787102994052,8.665433261573815,8.4936553039976,-16.320594274640897,1.1946674622871705,1.1956470772114716,1.153734507532209
124,1,1451.9230363608435,242.13562274274202,19000.079015431187,-1.9733656948756333,-1.9594164900250213,-1.9650263763421998,-11.548817597729633,7.504756961579981,113.70773252939617,0.1239078956817654,0.17157925637173455,0.15510498356931235
125,3,1882.2862605086746,189.69192856653476,75053.01883560157,-1.9616076427443516,-1.8529151516860918,-1.9517104974392865,-14.859365394858898,6.696383215554837,271.20718992716206,0.1522802640027896,-0.3302621929942272,0.1833363325258377
126,0,100.03032527701652,99.61826511811316,101.86631232415863,-0.7774620588981134,-0.7409970312955974,-0.8049650131813024,8.88551368080203,8.875605456983788,8.886227448903416,1.1054969066959315,1.1218707703324458,1.0929847725969568
127,1,65.20606451401432,68.673288276854,65.21896333907216,-1.968090285957684,-1.9623474821109383,-1.9737972362563325,5.745850078168676,5.830760376558388,5.583826466299185,0.14474913109626777,0.16321170730278556,0.12404869914977994
128,3,44.380276008212356,40.0849385339011,51.82023950878432,-1.9577172860749843,-0.6771215926278575,-1.9669909521046167,3.909756108746491,3.5689759735313533,3.895970502556712,0.16562314099718822,-1.1356353782142168,0.13599844058837135
129,0,115.41588536751811,103.39619592386211,100.41228954520321,-1.0623096045312692,-1.0639304283574662,-1.1885736501589608,9.278829293538536,8.937164332853618,8.475215334428635,0.9679809073441906,0.9671489804621752,0.9003963512345398
130,1,73.37075247776792,55.97645409581653,55.65862755415794,-1.9643284753555623,-1.9599776584769322,-1.9682233082456195,6.20695148444359,5.649787179051427,3.829260792073066,0.15707906799921134,0.16955839968119513,0.14434943202114855
131,3,999.8767828757204,29.814494880834907,37.81790669440202,-1.9603784359791192,41.12153256017997,-1.96180405994746,13.553094441551394,3.1364503945388296,2.682773191815159,0.15720777962935223,-4.579162069074295,0.15260544682421595
132,0,113.56348761448297,119.94543389239763,203.05662917309786,-0.0054890410715175975,-0.020481552904972666,-0.07432722100287492,9.682966046940395,9.791333029800725,11.066713511723725,1.4120884815577304,1.4067769288175727,1.3875016530401345
133,1,17.21588001198119,19.28323195470672,161.43225528013198,-1.9052989374358371,-1.897173855890619,-1.9133304514006533,1.0519005963859307,1.3649297518313415,4.967980410062045,0.2884623060869028,0.3023416860889987,0.27512433185142304
134,3,100.17840492730689,17.411374834082814,4745.440991838502,-1.8932215503996819,-1.9225830158010275,-1.9053741750606714,3.6244570651862684,1.3042891601933688,38.65221210755482,0.30211063072594246,0.18866438030394092,0.2826340882166494
135,0,116.16949285200376,114.81785652754891,114.93883150122363,-0.7934077515759745,-0.7765051346148741,-0.8554235027133239,9.41892822210581,9.428169429087538,9.318090232514606,1.0982665123508781,1.105936122938718,1.0696574774589294
136,1,36.40787171143617,41.36881146058847,51.017626704115855,-1.9707298433959857,-1.9775468285865656,-1.9549993875820877,3.0666334311387686,3.2725813423010384,3.419253539042721,0.13504719735539705,0.10783613556711692,0.1847355486348945
137,3,38.4969569024625,55.43336558298447,29.904968085515357,-1.965717273688543,-1.6142819710521665,-1.953526907694721,2.5949756026966853,2.9491808750950512,2.397321516160206,0.13947350393772578,-0.6037884938557182,0.17828037914197487
138,0,97.09602682989117,132.1592383381681,91.44851636501042,-0.5858340124165884,-0.6035234488804799,-0.7767404455761895,9.019043019904126,9.798392358595581,8.861385944644914,1.1889756060380243,1.1815238233228058,1.1057826532179431
139,1,82.69371575523854,194.29748543039958,72.91645103166556,-1.9389904701739464,-1.9465397898946162,-1.9634492966635602,6.306868068599098,7.243636989700036,6.431149599729072,0.22332769113269998,0.2057823810529764,0.16042345649100972
140,3,88.33178681173771,88.80075146546872,49.52235949584379,-1.9404866489349353,-1.8876219013824662,-1.9630547945209063,4.311087556905176,3.478346414392785,3.9257362414007977,0.21122044596734976,-0.2912702285847054,0.14974010786410838
141,0,99.68580371401204,95.32203772350786,93.18274928283796,-0.8254397530023643,-0.8239828024246467,-0.9702739769597204,8.824170510521451,8.542222789755563,8.313402888152504,1.0833790833745096,1.0840475626112929,1.0143336396183302
142,1,68.20951431504723,87.34825838451601,44.09772233261382,-1.9402958360022866,-1.9290212857197921,-1.9583584511790073,3.9482733770088476,3.146014460803713,2.7633226571666967,0.21964501258937225,0.24409362470055573,0.1734632592480145
143,3,33.86884750942244,44.53938036860646,34.29368765851199,-1.9333310912977362,2.9538579927770705,-1.9556973623847538,2.1706503861185986,2.2055110808662093,2.590628559212974,0.2259697232654868,-2.1722624663300527,0.16979164575571515
144,0,1324.0387000785188,76.89760777610901,67.57740529685823,-0.8737485575981774,-0.813720666579798,-0.9086125441286317,19.8001902016825,6.572106687588965,5.598270153480363,1.060975640202432,1.088898027130245,1.0444085874936109
145,1,71060.33226334584,30575.152572525425,22115.19667750949,-1.9580501449786856,-1.955439516770634,-1.969270182089711,259.956106830124,116.01916649782838,-121.36514417860843,0.1757124634937762,0.18272972943650606,0.14045365803909285
146,3,54301.22120853628,23705.854638086825,60044.55190952733,-1.9510528971410952,-1.7019968656316808,-1.962018303389622,219.95764998107205,125.66117627481441,-219.60104590879274,0.1855217676324408,0.5006051050608271,0.15243961235081274
147,0,383.78928011095775,307.6546764623059,1340.6049458592252,-0.9468437909956728,-0.8900659181207384,-0.9551310778658619,13.054863964740012,12.208156807386102,21.84415564354362,1.0257162387642813,1.0530252566075715,1.021652793003254
148,1,469.67202192924935,133.06974056411133,19724.664518926886,-1.9606347765918952,-1.9635569636794652,-1.9695666366249056,10.207321548689912,5.958863961666286,100.65034138416938,0.16764527301305032,0.158211746252444,0.1375748662332028
149,3,142.9068164264702,57.17436953842929,9450.307587687059,-1.9567654350208386,0.005535438192596498,-1.9646748367106417,4.604814556714484,2.954080364479739,59.43557676103352,0.16827856095786517,-1.342625456200553,0.1411017822055613
150,0,166.7760255621489,132.28559080340796,140.40081447576665,-1.0193700307554545,-1.0131938753236134,-1.0614410722657988,10.104925032391792,9.575381603325082,8.163126076959626,0.9898368523721979,0.9929615393454062,0.9683492805002492
151,1,36.46869118945108,35.280026925516815,25545.44275892961,-1.967078379210646,-1.9638958622533635,-1.956078887720001,1.5860602694406385,1.9321511147987886,113.40655644692968,0.14718955413868262,0.1576596794277904,0.18024017245369744
152,3,39.01684985128577,27.36346373342065,4976.732019718143,-1.9614217477446498,-0.0684103416961821,-1.9556434216274625,2.570211384003014,1.97071014213057,-7.150902997030319,0.1542590429921579,-1.2407097546532675,0.17051733397575455
153,0,103.06356958797646,101.90787745602375,96.3910550846768,-1.0726830273971217,-1.0744252333579283,-1.3015134816212215,8.661700383187288,8.674035575352192,8.484454597929732,0.9624337248728744,0.9615336748400847,0.8351614705667574
154,1,44.691032118571634,53.605991244935716,45.09575007047994,-1.9695603049570458,-1.9685603655756796,-1.9710215153926065,4.575767906887532,5.07169363232615,4.904919987514235,0.13766291079384932,0.14131488555906105,0.13271253046231749
155,3,47.948662651381916,43.732220761489,154.15420585368648,-1.9644828030359103,-1.0838235982341649,-1.9663467221472635,3.431733149880488,3.304406913071362,5.865067831530442,0.1423882989197463,-0.9352814736583398,0.1363784034327305
156,0,103.81194451560486,107.68464149492038,117.04260611903983,-0.230375933817768,-0.17720547995365798,-0.325442293431943,9.258120834995795,9.428216056143487,9.78846787919374,1.3301156480699792,1.3499606370182118,1.2938865698851962
157,1,56.43059039069686,57.88034936195558,51.559399910937024,-1.9674662831051593,-1.9651351093824412,-1.963722565247435,4.924492770857231,4.645048983769781,3.8563486716764976,0.14719915502566072,0.15530129621548378,0.16157562753426957
158,3,64.42074322744575,84.43015670976514,31.877882743351314,-1.9655712990398804,-1.8722478698913758,-1.962672058880419,3.1262504151587263,3.239566867385313,1.5697458908415867,0.14101090670212973,0.3153687198197243,0.15589395999192263
159,0,108.74081447585996,106.71972507392246,105.71297616636068,-0.568197311728337,-0.5081908827487465,-0.753823191401712,9.192642790637882,9.12571771576515,9.08386734200103,1.1963040949655426,1.2211244517085178,1.1160204662334676
160,1,78.684062180516,72.00250794126897,63.10146467377035,-1.9631301420369838,-1.9616265805425654,-1.9631036081956705,6.496881055394549,6.357740527905504,6.455182987532119,0.16116139317370248,0.16525270940125988,0.16053387746843994
161,3,55.53808264556662,35.89537370341304,45.83358686555729,-1.9634454867972102,-1.9466010592565632,-1.959588958109826,3.3395838850338384,2.643476252783215,3.688977201730161,0.1488843730153501,-0.18060577311401357,0.1599548168442405
162,0,188.86664580094623,210.98278087093874,1179.2049981754035,-0.8863516059496925,-0.8710264277738449,-0.9483448274361455,11.023380412425398,11.621976048680716,-2.145485032642619,1.0549075063551372,1.0621521881574518,1.0251020642597828
163,1,850.4264936448221,409.4826547616175,295.253978778478,-1.9678104382087556,-1.968757490758326,-1.9615433564301796,14.313774472995384,10.37497339622294,7.691106721950903,0.14426464460799424,0.14212330017691205,0.16472672722131962
164,3,1140.605849781536,636.122976583166,55775.247057034125,-1.965769169358031,-1.8057418760771815,-1.9560771230195884,12.255224877706517,12.307856463114126,228.64002431115776,0.13762051117232318,-0.38889802946846774,0.16956006236488394
165,0,102.49402955007291,108.531522101469,164.89014180990003,-0.6026013188404344,-0.6041152691891449,-0.7290122726076991,9.167231681108259,9.233664103595949,10.525911470478118,1.181905467475764,1.1812712032204278,1.1271590594090453
166,1,40.48085617691045,45.4052222252473,68.76856982077884,-1.9720157394123694,-1.966450424097646,-1.9624460473454217,3.820042589151997,4.170171046251384,4.738789594241792,0.13042048450685537,0.1505163374881624,0.1633584206397352
167,3,28.963466403450106,23.319003828464854,44.58015812968147,-1.9653169374627542,-0.42393535470806487,-1.96046856366117,1.8181143125064905,1.7489361383040944,2.5445827990851693,0.14167710736616104,1.2060618902609583,0.1580452867797474
168,0,101.55907209883453,107.48713652114407,98.6476584376042,-0.915036329594423,-0.8653866553271112,-0.9740029085493238,9.023800182455371,9.188722385627033,8.922498990055834,1.0412581226986601,1.0648322667801031,1.0125472645655398
169,1,273.9492603231673,113.53746825336043,89.41082651773871,-1.9614371172018896,-1.958569429472748,-1.969209342942799,8.996860554327975,7.106247947212324,6.962401203898929,0.16556928009347616,0.17394222717422209,0.14037624614924654
170,3,538.272504516226,81.93127219805613,75.39714348901012,-1.9615207621325845,-0.7328456775100216,-1.9698095886104043,11.31196861202646,4.831700473004914,4.466999408366712,0.15338445910447537,-1.1078096675355888,0.12322331758637511
171,0,86.13155329034798,87.6038233766696,78.74171346772569,-1.1929055576658347,-1.2024006936867413,-1.2631517985898142,8.353050874785271,8.401891468795954,7.8013720861554345,0.8979433536321769,0.8926471596150621,0.8579209778651324
172,1,53.93181359539638,79.06013156866096,81.02822571784135,-1.9695042536252214,-1.9671605201054825,-1.9623067730532815,5.022567917484329,5.451065701460607,4.636341891955608,0.13898688400334044,0.14694487154456468,0.1624917128643496
173,3,53.42547905427574,251.8699873104356,41.280070746087254,-1.962695596570448,7.420499304579089,-1.9584527091366548,3.6515756918050686,6.372060252189219,3.0454280033999086,0.1490755988727724,-2.915630524175287,0.1623701593221974
174,0,109.42757601180485,105.85208403422376,101.0959663264988,-0.6701686175379287,-0.6623687409921595,-0.7080534121842379,9.154200697700059,9.071771023481864,8.92718892314635,1.1530277166413798,1.1564087445323732,1.1364793394901325
175,1,82.58030931417022,87.80529383824437,56.57177101750929,-1.961806073753155,-1.962346808763871,-1.955875140995387,7.0253136900339825,6.915310317095668,5.507736305808715,0.164918808560835,0.1633053115862495,0.1821780357718506
176,3,62.41640062874012,55.40481185160636,345.5589232742671,-1.9617268213037897,66.77068077705272,-1.9522164606210572,4.729198335646392,4.436111130348461,7.786358277441232,0.1532039294484146,-6.910448646515259,0.18120542499479206
177,0,121.39589522018125,120.60175053594693,122.75339502943469,-0.7395147294885138,-0.7024374759910139,-0.8718720029442522,9.333043725048881,9.318160810607049,9.351201422805593,1.1224670210142678,1.138870793550643,1.061871741410015
178,1,93.66261567758357,71.38881819674398,75.00413354813651,-1.9629134892562257,-1.97219566635383,-1.971775822419798,7.06091252143773,6.538884402314265,6.894792483559956,0.1608576939134131,0.12986757134627447,0.1318317149599449
179,3,99.76480617245086,39.681819558485905,58.67397784003124,-1.9592114440612223,8.927898018870685,-1.9719152753302387,5.335427881621238,3.7203576719961,4.3517191651441705,0.1599436014395009,3.2320756648258455,0.11569408180060733
180,0,157.08263432397385,150.4819836195463,331.63359176970573,-0.9634301875053013,-0.9365943809660324,-1.0694113507081153,9.89811973446113,9.711149241289425,12.299724876181337,1.017775010899068,1.0308751427942575,0.9642947627970186
181,1,92.10187978631441,105.09594256202357,183.55545640011712,-1.9694100394486451,-1.9691317603705931,-1.9713121333957626,6.055717665239913,6.240227587666561,5.254686914558759,0.1400106486250158,0.1397685025585336,0.13257786012709044
182,3,60.721553816979295,51.20773470652803,170.16627318915093,-1.9694192643672417,1.3650733313621695,-1.9641602039379116,3.06088205478918,3.4722164298415237,5.117534564734296,0.12644918160244278,-1.7831781275273664,0.14472783838998127
183,0,102.59157119526844,102.05810454535694,100.04882288860956,-0.6401671437365275,-0.6148691664137678,-0.6559569938696423,8.938583535134452,8.931219790557016,8.856413493285663,1.1659483706653704,1.1767477462742164,1.1591545935417675
184,1,58.7608662536263,56.08155046338844,49.62127711652823,-1.960687920211037,-1.952618779728062,-1.971228202697055,5.576260613193416,5.584722638570476,5.164870196645995,0.16862885097417327,0.1909748183615065,0.13328988527492364
185,3,62.01441047123379,54.407647624733336,104.45962488745644,-1.9614372492889258,1.7823570826069899,-1.9674285500992263,3.9784749111600357,3.841009502845708,4.73108807468732,0.15461785117776558,-1.9220689469263936,0.1335705097754758
186,0,128.6444683970711,123.82608428697885,122.78331727183642,-0.9900381174295214,-0.9787858873189026,-1.0355846592779658,9.519401480294468,9.455522437373352,9.359237255084082,1.0047182863637194,1.0103049645850268,0.9817781210339075
187,1,48.774631017756306,103.31219389722912,84.40699720868615,-1.9545136879217113,-1.9660513605741754,-1.9647671097527748,4.241420336889439,5.384231598324252,4.9624714686867035,0.185664974986357,0.15103409813784702,0.1558037832550456
188,3,28.09705266971882,27.277665919381814,32.17175722880209,-1.9541360898010562,-1.9475785847938643,-1.9627294249344152,2.4853706402788336,2.163552387619216,2.61915382586061,0.17594650307081586,0.17092562632273955,0.15008002609366858
189,0,102.92032017596954,103.29648132979077,144.7168674724596,-0.577328438560818,-0.5474726743899891,-0.6229520707290592,8.984071494814563,8.989953792907768,9.788680000288872,1.1926056668676168,1.2050596187211342,1.1733212636645127
190,1,140.87640637151227,40.40860373725954,125.71726040690115,-1.9662056561498806,-1.9654700090491213,-1.966667489345403,6.493983381862295,4.364620212641701,7.094334476901784,0.15153742817792454,0.15379368027808452,0.15002127736523146
191,3,46.23670672714483,57.32186933460021,93.7617388677287,-1.963293350689175,-0.4100058671730893,-1.9615191848730282,3.530878733800372,3.593791508697741,4.7105108583732145,0.14835270382788396,1.234229578213007,0.15486604683173458
192,0,107.12636271607371,109.02450338641853,128.02539339685845,1.5590800991774225,0.685972840585666,0.025035994158469688,9.149756422938522,9.202690292547425,9.687027309588,1.8864999718367363,1.638819239831277,1.4229326321885096
193,1,106.6175617250972,87.56045109077759,79.46760430828472,-0.9826105469703257,-1.7166541690964925,-1.9288066711690448,8.624117966322329,7.799502486054424,6.68169242739734,1.0019158392912506,0.5209085149248829,0.2452661980800435
194,3,60.0771225210874,71.88057413132098,173.64767497686347,-1.0008129414545857,5.808535276274759,-1.9276405457263603,4.931353880137471,4.8002610611231376,5.7041885677089486,0.9908560545595305,-2.5574474940099856,0.23970564799586275
195,0,240.93023195147504,273.4498416781681,194.32900429102244,-1.0321230869881381,-1.0213972593727791,-1.0993769232490354,12.319567495229261,12.775710200721187,11.179366510573395,0.9834220350398039,0.9888728434675905,0.9486190256600989
196,1,68980.00427100979,30682.587313141623,34845.32983209888,-1.9685482669723766,-1.9691864800591126,-1.9745892244259515,-254.45563530761578,-140.65195920676206,155.5537693078776,0.14229453656701277,0.14039213612871052,0.1194283305431801
197,3,67312.8433546285,28216.117932810695,9013.664371284889,-1.9658058433479375,-1.7516632408433215,-1.9674020708593045,-249.7284483006974,-126.1761538672383,60.56406322177937,0.13812065821047323,-0.4779984071135624,0.13204458726785093
198,0,466.50648151170407,750.8194242845593,269.1087393317234,-1.0297097321875197,-0.9789048257732116,-1.060521948759708,11.670674330365559,17.99922707516005,11.201225388466629,0.9846542202809127,1.010130648972617,0.9688894002099081
199,1,39543.15999350092,56514.272455437706,37400.12219648425,-1.9735609715226354,-1.9685637334696782,-1.9550412676933075,160.87012878684223,-224.70785026128195,162.33586210059752,0.1237985644552857,0.14195000077018988,0.1831739839390984
200,3,23022.77580577988,32834.92159351501,1386.746498488382,-1.9664935942126116,-1.766384002754774,-1.9536583385045285,140.87915223492627,-72.09214431971134,13.850626143311922,0.13641227148024002,0.4467349448107814,0.17671011317709281
201,0,208.0310122849402,195.14858718993784,168.89281902001164,-0.5098080901925512,-0.5070134827317005,-0.6887879591474912,11.002499505047036,10.798092461208721,10.169766784612204,1.2204887851026571,1.2216370114564756,1.1448233919442987
202,1,7752.452984275912,2230.298430815376,1730.1259433368216,-1.9582122688847756,-1.9622333614644911,-1.9638200919172775,28.79227091299391,-10.794509546682832,-0.6964941522971456,0.17508129117304636,0.16278211461609451,0.1586340313328434
203,3,26112.9374508524,1618.223160691589,4759.366059946269,-1.9545840710695475,-1.487577518737587,-1.965605893446071,119.72625647254064,-8.586866239183268,-31.065361864658467,0.17462363088787894,0.6957641344368682,0.13876457569050693
204,0,186.07830547082935,162.41245052586055,2444.4187777162147,-0.6553628057187577,-0.6351365570703709,-0.7502311327474693,10.490876125452987,9.970354805215354,28.84802564413015,1.1593362384613966,1.1680209947278972,1.1176640461350864
205,1,174.5919119593787,286.29453254814854,12728.857988552983,-1.9582243966397268,-1.9708648418549022,-1.9597373351441756,6.27168994452904,8.58760190681835,-61.570773418363245,0.17539106614284242,0.13504705959383406,0.1706163387436298
206,3,711.17442586312,155.3086685131294,47863.72900307924,-1.9526380777923567,7.127437699912715,-1.9543529344647068,12.575510125049036,5.574091502534524,188.9471271439654,0.18001426573749915,-2.9449378867311986,0.17487383160731362
207,0,179.59873948843745,,451.80939067759493,-0.8205752585083101,-0.7729312756716862,-0.8990166375191424,2.8397736253263712,,7.336180940506317,1.0855757938904402,1.1073051475929314,1.0488182646064266
208,1,29609.731486580906,78395.00001275529,13193.523613668001,-1.973418989693158,-1.9626411237946733,-1.9744628552660801,-156.78315550200693,279.99464282867126,1.320483639198011,0.1249756631486457,0.16164370841122655,0.1198096489310516
209,3,71902.54424846607,32473.869069719378,5333.3494143679845,-1.9658946724343636,-1.6513084876715427,-1.9644878680283613,264.5361170629043,67.82536726929222,-22.759376320728858,0.13990500802637373,0.532283244066519,0.1429696363126159
210,0,88.68292537718504,99.29037425652052,102.00611342523098,-1.0364295121805642,-0.9983765766814816,-1.053081643590517,7.272404515987001,8.35144046045007,8.64822563368873,0.9812603684451455,1.000478233785523,0.972746089981738
211,1,28.200441879172185,29.720835837379354,25.505310080457463,-1.9654867032148722,-1.9684963443369503,-1.9671796836729718,1.2464282750499964,1.4586349966275,1.3017252704829256,0.15245885195232997,0.14179454557139237,0.14698583298878604
212,3,85.99452391309241,59.05193596623662,32.40938151786589,-1.9644146852566482,-0.968242977045088,-1.9607880849947945,3.43557829596624,3.0330237339519472,1.9386376714082454,0.1428317755173146,0.9995141377302235,0.1550102893368367
213,0,90.04648261535857,91.17872142182885,103.28018143367785,-1.097363693177115,-1.0922227086257437,-1.1388084996623666,8.519909971186841,8.539604155445721,8.609149078547558,0.949750971118736,0.9524578674425864,0.9276708081278164
214,1,38.16876826383434,253.79336336567127,218.14576482683242,-1.9701502456545814,-1.967370830396358,-1.9729099721113832,3.595248262811625,6.804015966076638,-0.7319318284755978,0.13695769682323267,0.14740119022063727,0.1271069970455301
215,3,41.241791743625726,86.53439055121845,155.96434646834126,-1.9676517845632011,0.8221890959578095,-1.964875448247398,3.034796687293943,4.231512847398631,1.9214281478111175,0.13241154330194213,-1.5936675473848694,0.1426346848812007
216,0,208.83399605979656,145.78156680473012,205.06324166396215,-0.9868345949629842,-0.9884382422017053,-1.0515435684630112,11.095829613236392,9.950124616458892,11.674801612271056,1.0062111577469715,1.0054146138385074,0.9735219906341591
217,1,114.71097876777203,49.65576926641164,151.04299818066193,-1.969573084129565,-1.9694954040799084,-1.9557100125932525,3.987943806076384,2.7660710001152693,4.759963113775969,0.13865264255458465,0.13907439182395837,0.1818821012675229
218,3,172.28344316347804,43.054410430698496,135.78446634371366,-1.9661195618751053,-1.688824245115262,-1.9498495174099228,5.856485056893417,2.5629450616366736,5.069148623521093,0.13688167966977866,0.5114034059312719,0.1876852733108076
219,0,87.81800654141881,88.59595244294799,7676.109697456111,-1.0955553126732087,-1.0872356525870568,-1.2468694409012078,7.872483845050346,8.10174221845708,59.00785709363592,0.950524664236237,0.9548958360462163,0.8672894211774873
220,1,58.530107866719774,37.39997600838179,41503.75607722659,-1.9656480162554997,-1.967233516328274,-1.9672988592103329,3.211531715058545,3.255764503205909,176.35167590742302,0.15202941784775179,0.14593900838327664,0.1461236670967734
221,3,44.05978323629624,22.611610357341796,17217.53827370395,-1.9608853443842793,21.969234556405116,-1.9571597620725893,3.069748603994918,2.2424768962837547,34.50091388035691,0.1545239193046883,-1.776005582123039,0.16673905870781242
222,0,83.0011171542265,84.41253409546663,55.47617521498004,-1.0525797055300625,-1.036773867344779,-1.0887657020994845,8.107096177235759,8.172008183597631,5.76043085745484,0.973142774640314,0.9812334293437922,0.9543677518475566
223,1,28.50320936548172,68.24730552910303,28808.307545172876,-1.9661641949133624,-1.9662270236558599,-1.9702666533286273,2.995128225786309,4.275249472849449,57.03590024819036,0.15184838423359634,0.1500597096782234,0.13728453466627588
224,3,31.84960130591456,26.916575670344976,47221.40649773454,-1.9595002987376076,71.73375330956365,-1.9653049329434664,2.6661192714786743,2.6048711579823127,195.97888323801868,0.16088337122714416,-6.4962770123103954,0.14274919400816505
225,0,122.11085449766287,125.33778196665972,117.47481281121696,-0.9426129363380826,-0.9218737647913202,-1.047285052064069,9.406251592105063,9.507990475236962,9.376903529706137,1.0278087483554605,1.0378453424816374,0.9755470696166711
226,1,313.09641919124635,93.87102122600575,67.93565777332141,-1.971978148336929,-1.9606587743260435,-1.967830453371699,6.0520530372174,3.1176036896759998,2.5236757736150346,0.12972243217338186,0.16765995399716285,0.14339607205655502
227,3,117.50845399109909,70.40789727685878,793.9087221793956,-1.9701646287488983,-1.803665850269241,-1.9659811168242858,3.9543474111739396,2.964773710680648,12.346374301775207,0.12158366193932692,-0.4135673801081206,0.1364937987058214
228,0,104.78756706633291,102.25945444546866,96.46905775964072,-0.7597139681910949,-0.6826047233193324,-0.8416524845077538,9.07684489048761,9.016689554740221,8.806403797668631,1.113495438728034,1.1476007792759884,1.076060736100388
229,1,69.36741726740026,79.36194004533853,58.6544188026529,-1.9632448927135,-1.965559042285536,-1.9611402099839237,7.111975868748093,7.002066872112383,5.632346685108279,0.16079436133865418,0.15331492744808792,0.16696707813961284
230,3,187.19379392537735,46.38631065112545,90.84125686990913,-1.962233855719472,38.78987572870314,-1.9629130665914638,6.943118200134191,4.121034469451855,4.744354768412705,0.1528157747520592,-4.327015053054345,0.1482984440181432
231,0,113.84427614762727,108.0894371358631,103.94242081285186,-0.9372161968470043,-0.8824936486226522,-1.0333727929532504,9.146620619196808,9.024521888205264,8.773801480965277,1.0306730346916793,1.0568879369710353,0.9829109846206217
232,1,131.7203826004721,64.97169647494444,59.57489799353056,-1.9728440007229051,-1.9660216768629144,-1.9613367149831433,6.861280480061791,5.778963967843616,4.90280002143993,0.12706487001107034,0.15213078726613632,0.1660330328094223
233,3,44.054983765579365,33.388740915498495,43.93809401464069,-1.9733926129017372,53.505557646271214,-1.9571663589697346,3.766124309351477,3.4082967399504396,3.4123755071219146,0.10855994153028323,-4.571409474694277,0.16707754293326524
234,0,150.6142343159911,135.72726224245335,117.86873573602882,-0.6625055729603946,-0.6167369480406673,-0.7118887413337318,10.273426140227935,9.93417158182267,9.419597872311158,1.1563156872327176,1.1759403662294114,1.1347575039438784
235,1,63.05126143753141,94.12162583844302,55.318358213563805,-1.9658753463236447,-1.9663124460293715,-1.9605850805567984,4.92763858291766,5.7983053577147965,4.829690085582705,0.15176511809059995,0.1508598094120542,0.16868537688396606
236,3,54.095586890788525,74.5542634853062,69.61992287168344,-1.9606501223286688,8.65217120803059,-1.9606298895825371,2.8585997962788117,3.6925584934967883,4.030538400476221,0.15650845982807698,-3.1729611237265742,0.15639957602655968
237,0,132.58458826659805,129.64475418799643,113.38347143433813,-0.9625577991639713,-0.8956815601401011,-0.9760090673250912,10.218401862748966,10.136566228852642,9.619654254259748,1.018254850918931,1.0505816702554935,1.011623253303701
238,1,275.5666439455383,177.38562939727393,100.51484927959744,-1.9655431241358834,-1.9623869088618602,-1.9749989206508682,9.39146040796079,5.386015734605046,6.123402821865797,0.15278535288147874,0.16291333343079153,0.11871440870369496
239,3,456.02682272171154,141.18971438024354,70.05501430783569,-1.9646384415119926,0.09315044732837974,-1.973432047293099,10.529952982551372,4.210159093909017,3.6610612684783144,0.14271238583220247,-1.4280794154316563,0.1077198111759074
240,0,102.63739590830367,100.97631195305517,101.44739422726319,-0.7518147601463041,-0.7213629484856376,-0.8497955064995124,9.009761894253735,8.974308013484062,8.960751597228715,1.1170309707576946,1.1305824776640814,1.0722715779105214
241,1,69.84752998079117,86.36539148901224,79.37845350332397,-1.9732316360958095,-1.9705710446114426,-1.9539221106603397,6.873185206751353,7.193016152994067,6.81444460093514,0.12651846085146548,0.13611780445231098,0.1864393066582046
242,3,464.834489426721,38.79353918770823,39.83495519168148,-1.9681484040008286,7.681795983420731,-1.9500222308929211,9.58921028491276,4.089280753606048,3.9003223449466335,0.1316487747959501,-3.0515426669526695,0.18625601825179947
243,0,19983.226859909308,71646.76078240645,1397.434121437885,-1.0677372434505665,-1.020977762000713,-1.0920908214106255,114.07568970736517,262.6935328322646,28.482695021093853,0.9649988582417917,0.9889240231826819,0.952276776321795
244,1,20587.544864602965,8144.008193081022,6990.092765397428,-1.9664070445748427,-1.9541674929907986,-1.9688003291402432,-75.46667405103918,12.857275547432353,45.36936165290587,0.14837603541833452,0.18474259936348797,0.14005065612649104
245,3,33324.83503865233,19389.074111190803,5272.318332421469,-1.9649210608782308,-1.8313635968702437,-1.9653940810032258,-116.11183947398656,81.71214454518662,37.327293271580714,0.14066816212766367,0.37798656904357497,0.1373208395331973
246,0,97.36068718572673,95.54311288724969,95.46820641738626,-0.982088063057831,-0.9672644522629987,-1.0330905426163546,8.848975941484964,8.8139658483268,8.783955429407603,1.008613683958963,1.015936959928029,0.9829982291241759
247,1,71.29136719125589,80.4784333216789,66.86876570598344,-1.9694791991762193,-1.9586380965231598,-1.9703171792186371,6.544908874573856,6.844863480596261,6.3311998380342756,0.13964824799591077,0.17378985448260503,0.1360051617845171
248,3,70.84812339744867,51.492831224984414,32.379049450858254,-1.9683593865709799,-0.8289902200437735,-1.9666968806741225,4.621827464535352,3.6072564494268975,3.5277771674703713,0.13046307698553183,-1.067561501205065,0.13572525054586362
249,0,155.0753349776772,224.76374997379773,159.2854995918298,-1.0044463028433497,-0.9939084176667565,-1.0464604517065623,9.393281253872056,10.52576847403587,9.218785575322109,0.9974697567549218,1.0027381187750304,0.9761756694464785
250,1,65708.13442237089,776.7973504133038,161.09576024119195,-1.9663714514574735,-1.9630804487321036,-1.9632927665043,246.2416994406536,12.459821741948755,5.9375796150779045,0.15015790398210657,0.1606841720165625,0.1600983978313964
251,3,18820.602253661422,857.52811819138,3737.8939659504463,-1.9608737665490998,-1.9824658789161103,-1.9573912227243917,103.13445273655968,15.301282740947006,-24.767512777740617,0.1552951985888927,-0.043440966192876365,0.1667799287898747
252,0,103.60237754500514,100.97577855537978,109.3694757396336,-0.5713944381408531,-0.6653172010477775,-0.9077214817302162,9.21700077740563,9.048347163250831,9.225224404781859,1.1950033055947982,1.1550374484631212,1.0448394263975562
253,1,52.34941846393625,44.67482134434993,66.7166744469069,-1.953489059563816,-1.9670308795035445,-1.9684801387968118,4.516352902991532,4.8840076592569455,6.065296290603605,0.18765348186413877,0.14832047391302763,0.1432894763490874
254,3,276.63008248176135,44.698393658791716,35.38581960391879,-1.9526550460120589,-1.3642847623767937,-1.9686778775227778,5.768812549785586,2.8508051168245307,2.871256150000531,0.17988588120154234,0.7345290898756327,0.12925856593478954
255,0,116.61019963264675,113.02276559282883,100.16371669204676,-0.9264489772944233,-0.9176675121175193,-1.1553844569318619,9.161601168197292,9.099731890677338,8.804413814880306,1.035809044368642,1.0400454578942815,0.9186805025728633
256,1,57.398782441084364,82.56424780332313,57.375195082010514,-1.969202928825156,-1.9719868659498205,-1.9688175795027176,5.841936195770696,6.5451918977286105,5.604668128775865,0.1405036290259219,0.129920216221285,0.14121372201240462
257,3,184.27323727059397,101.10180848992154,66.87457119228618,-1.9658420548180187,-0.18101633020106878,-1.9643656247694157,6.173324050557097,5.255967643102419,4.387222643348819,0.13845561388511685,-1.3280352922353165,0.14349003851576791
258,0,113.92361669508067,106.85002779450687,103.48061138216634,-1.2062243286536987,-1.1656695096002445,-1.3241303357567662,8.75763862225112,8.672217613201328,8.00083333937217,0.8903110821885976,0.9127982688295648,0.8214111801573049
259,1,54.85818493320497,59.35853686863896,78.52352585784317,-1.9605427490457032,-1.9710058039810223,-1.9662409338573508,4.9310555330298875,5.287758600935127,4.947453337517268,0.16720854730039014,0.13277980118729785,0.14993192519530812
260,3,28.10703126751389,147.62805783419086,42.09359935673209,-1.9600094574764728,24.131687729197083,-1.9604820439897135,2.9044265780091467,5.198229513119856,3.214786494215542,0.1568218832167407,-2.0710034740123335,0.1550625716382049
261,0,115.72984114664901,124.21773668808183,133.33867299503422,-0.6957797728216879,-0.6757461598897838,-0.808591069947358,9.414807580249413,9.743328174612817,10.11961475056169,1.1417189588793724,1.1504760891671946,1.0912055541353087
262,1,32.57526703186422,26.473124626789595,20.227366614828778,-1.9630529193660242,-1.9730271571983382,-1.975386630582837,1.9058959093401873,1.7364431567595984,1.6043053463687142,0.15998054207650253,0.12565289123085474,0.11695644650948546
263,3,36.091772612205716,115.07329252426862,26.104258553596168,-1.961529158856987,-0.419121713676617,-1.9732324278777158,2.100993471889927,3.2856450017300105,1.381974755195783,0.15333227760219906,1.2335273466447179,0.11158258353415512
264,0,100.23072529030502,100.77676917149562,105.99121536857469,-0.9269775315781521,-0.9342075006398636,-1.0004512864106505,8.859900593797759,8.859914015337612,8.868931534417595,1.0356126542104855,1.032123660980683,0.9995088408476172
265,1,60.42514693765607,64.45870605068046,35.93129171461594,-1.9690449828124947,-1.967806391629276,-1.962650904112646,5.280796761929157,5.41275926379606,3.4573039333290696,0.1409751892783742,0.14603701231705069,0.16216779125977573
266,3,40.24425551067827,56.5097116682291,64.48554276801707,-1.9666171994559827,5.071610526591185,-1.9619035711614203,3.332193082737522,3.6671513251559085,3.4232768278328707,0.1353619602957321,-2.582583164252828,0.15094397697164033
267,0,119.23809277151528,111.03629916043465,92.96975389808411,-0.9942440946023927,-1.0506587544261516,-1.1887399456862968,9.358891769927967,9.124861022809677,8.647534604914574,1.002544441844183,0.974013428293991,0.9003378540304908
268,1,75.10113278181336,102.69499781307674,50.556342991453164,-1.9612457841915936,-1.9616609915488346,-1.9544734409344602,6.254237719338987,6.9344203006257805,5.365850200251207,0.16599590072591883,0.16485699796161485,0.18574426073847888
269,3,92.71286422317876,36.92334075341851,40.97046687146101,-1.9535483203696833,5.921924425448864,-1.9497238938660146,4.140415691267216,3.4676521647972733,3.7697420041468224,0.17751856194472765,-2.742895700152514,0.18812489418636513
270,0,11470.209272631815,120.90805547564209,3341.03219991899,-0.8581649084279519,-0.8196907881771307,-0.9473971680133175,97.17156539865067,9.258428493292481,15.933446513717477,1.0682577754316767,1.0861235089585741,1.0256392032888106
271,1,23628.656004067176,159.7573852980261,2353.658154515757,-1.9698260442843905,-1.973057228174471,-1.9576214575781072,117.1634767509292,3.353196564229474,18.395919686176807,0.13860537130497821,0.1262329371241482,0.17692717195795296
272,3,2790.7879839585157,1211.769610261366,1127.1620280416291,-1.968993378540352,-1.6870531201035135,-1.9563219517707293,13.99945607576443,14.409279063855193,13.091037467220598,0.12813056600045536,-0.5233883384370216,0.1698166417159531
273,0,95.01234549634047,75.16208700422816,72.85456516902813,-0.9791624705954911,-0.9612399581628837,-1.0443987811201463,6.958241710255744,7.386765253672495,7.329620581815011,1.010039474703586,1.0188800678786498,0.9772142437433204
274,1,789.0801996687815,298.42705578530166,444.61441652217354,-1.970849105867367,-1.9716809051207762,-1.9650855223129626,-4.91273074781119,5.619481520965797,9.3913464055955,0.13452859516035887,0.1305204646273098,0.15370987730952984
275,3,18675.62631080581,134.0549096012549,383.3694524970667,-1.9659405871440523,-1.9395511062717867,-1.9574919942045712,93.3955405811973,3.7528442710693093,6.575312797628035,0.1377270525969837,-0.20134210727383478,0.1647543384627159
276,0,133.65495109657235,138.9218425781442,208.08877749319734,-0.6426828555246433,-0.6664661994073442,-0.8402919586113557,9.417964666456083,9.666906533092627,11.370261800161542,1.1643300344947778,1.1540960854314628,1.0761600485266887
277,1,32.18084687473206,29.211166930229524,1932.36921854576,-1.962309820033459,-1.962816105257498,-1.9660512189852328,1.9834284799809185,2.0808664970080284,21.367389289289708,0.15983136075784188,0.15741205255118815,0.147171925447036
278,3,183.13387101811955,58.73550881444462,202.96546606998,-1.9594429065867438,-1.3800466756038596,-1.9643027160816149,5.24200437630621,2.733723706087312,5.645493712228371,0.15466180741930166,0.7580565933710088,0.1391602033459103
279,0,337.63487689264974,304.1830517764898,204.6116863731712,-1.109867341154602,-1.073010739562854,-1.1801887310581376,12.877833323870302,12.797738166358409,10.412676886345045,0.9428495070364658,0.9621945230211899,0.9047821362579102
280,1,16348.111232911815,47782.50647768798,4071.1828422397916,-1.957584336231395,-1.9669156767338465,-1.9671317521452,103.42623077375364,196.430482062428,34.08180705210091,0.17423045638641782,0.146354205079887,0.1462704783471159
281,3,77448.747956952,42384.35054751226,3033.600316622778,-1.95484227327395,-0.74966156291699,-1.964799909409097,-277.4511243125242,182.3558288046164,27.190622808706237,0.17013881358652283,-1.08929926355922,0.14057069246846632
282,0,97.40858207388905,93.69885341435447,87.41786711031274,-0.9811054344676271,-0.9741425375054864,-1.0191530529337982,8.824281547573596,8.705224868821245,8.211074674143042,1.0091847871017106,1.0126322884562546,0.9901483453962346
283,1,66.62515004089602,50.3171096153423,102.97651906191915,-1.9757610222756914,-1.9672864331798903,-1.9677873693549197,5.729701627965776,5.004927907808266,5.089384338713834,0.11541800474086797,0.14840431198687123,0.14625848630538651
284,3,170.946453750743,59.605604017367284,38.002025446112704,-1.97335254231636,31.19577449752257,-1.9645842785387133,5.937660527234845,3.965630663283376,3.151797201554615,0.1095422141934279,-2.0837276750698477,0.14361863964354715
285,0,101.12925358787132,100.39824073405717,97.38204843393915,-0.802104969570824,-0.8073869882750122,-0.9190667608340837,8.83479280332881,8.821757039480783,8.716100248695653,1.0942530741065883,1.0918412495106191,1.0394343548966603
286,1,47.34446800307975,48.43059048792127,44.32714418627759,-1.967003085506117,-1.9650912641547258,-1.9715987607388212,4.960271869875615,4.814580428301391,4.488222625211178,0.14845396045499124,0.15437134416230786,0.1323927746357316
287,3,35.426285598029,33.926060596592706,34.94912703524067,-1.9642154019394655,-1.0002340426722849,-1.959994284065046,3.1257864384383836,3.066609652719795,3.1021539720365316,0.14480107864293154,-0.9838456640377935,0.15879140248128884
288,0,101.67818811313771,104.42288170690809,108.53124483176718,-0.7240386213663492,-0.7041880571029329,-0.7580362524686595,8.825426281452422,8.840890897846949,8.343928200738471,1.1294131882495357,1.1381701371077995,1.1142592112937346
289,1,35.090570921376504,38.79771867788204,208.53278099891727,-1.960556278179512,-1.9618024629114816,-1.9627462567968637,3.6228082168662437,3.857294730987516,6.374777834777522,0.1691590679584614,0.16512094676614592,0.16209921000150734
290,3,39.95485481553894,31.771301673226468,3553.363458184199,-1.955432230614285,6.378415902211465,-1.9549051594677722,2.8890012467484505,2.6881354103577406,-25.405433822686458,0.17334737380671353,-2.786952258854434,0.17485019024029447
291,0,114.37859802306276,112.74016257760582,106.86317303830731,-0.897640764725768,-0.8897507374451163,-1.055594254629288,9.30406163238473,9.203230347734312,9.040143618165176,1.0496556659017182,1.0534128100276205,0.9715089121232554
292,1,82.3969247964226,87.40072161197806,72.25198536830486,-1.97090410832669,-1.9616216844442083,-1.964763602352219,6.5817136472384865,6.626014395593687,6.510942275381027,0.13483574473977628,0.1655280455357935,0.15507987592067346
293,3,33.07539427638988,73.97329188022219,44.070631820071576,-1.9686691125528908,-0.693560865493223,-1.9609329065099972,3.018250883337351,2.649798024816409,3.8681242947114383,0.1288969650068478,1.1204934205403376,0.15534643242334945
294,0,109.24020438791739,111.85035155895515,112.81044188007874,-0.7796863201530249,-0.6748674386216607,-0.8608189195032971,9.232023716724521,9.278808795077872,9.180736935523559,1.1045075813193894,1.150978700844075,1.0671304907909684
295,1,99.67534527851072,70.32366849583731,113.43984334731996,-1.9685468191788638,-1.9686854318470652,-1.9653282242979608,7.556279172316258,6.5749411048985476,6.080758957602604,0.14701978812719063,0.1435027755684835,0.15391017130824375
296,3,56.96530042969763,38.79983185268556,72.65613509458001,-1.9665678142067604,2.3132338916601674,-1.9636768683917958,3.823238424058368,3.304925937142899,3.598914755359562,0.1426342325174477,-0.1509610687608812,0.14663406078341884
